num_nodes,num_edges,average_degree,density
685,4928,14.38832116788321,0.021035557262987153
