num_nodes,num_edges,average_degree,density
482,2724,11.302904564315353,0.023498762087973708
